{
  "Working Directory" : "\/Users\/jameschan",
  "Prompt Before Closing 2" : false,
  "Selected Text Color" : {
    "Green Component" : 0.78431372549019607,
    "Red Component" : 0.77254901960784317,
    "Blue Component" : 0.77647058823529413
  },
  "Rows" : 24,
  "Ansi 11 Color" : {
    "Green Component" : 1,
    "Red Component" : 0.96221715211868286,
    "Blue Component" : 0.6569250226020813
  },
  "Use Italic Font" : true,
  "Foreground Color" : {
    "Green Component" : 0.78431372549019607,
    "Red Component" : 0.77254901960784317,
    "Blue Component" : 0.77647058823529413
  },
  "Right Option Key Sends" : 0,
  "Character Encoding" : 4,
  "Selection Color" : {
    "Green Component" : 0.26666666666666666,
    "Red Component" : 0.26666666666666666,
    "Blue Component" : 0.26666666666666666
  },
  "Blend" : 0.14999999999999999,
  "Show Mark Indicators" : false,
  "Mouse Reporting" : true,
  "Ansi 4 Color" : {
    "Green Component" : 0.74560397863388062,
    "Red Component" : 0.5230981707572937,
    "Blue Component" : 0.99405109882354736
  },
  "Non-ASCII Anti Aliased" : true,
  "Sync Title" : false,
  "Disable Window Resizing" : true,
  "Description" : "Default",
  "Close Sessions On End" : true,
  "Jobs to Ignore" : [
    "rlogin",
    "ssh",
    "slogin",
    "telnet"
  ],
  "Scrollback With Status Bar" : true,
  "Scrollback Lines" : 1000,
  "Draw Powerline Glyphs" : true,
  "Show Offscreen Command line" : true,
  "Flashing Bell" : false,
  "Cursor Guide Color" : {
    "Red Component" : 0.74862593412399292,
    "Color Space" : "P3",
    "Blue Component" : 0.99125725030899048,
    "Alpha Component" : 0.25,
    "Green Component" : 0.92047786712646484
  },
  "BM Growl" : true,
  "Ansi 3 Color" : {
    "Green Component" : 0.84313725490196079,
    "Red Component" : 1,
    "Blue Component" : 0.69411764705882351
  },
  "Open Password Manager Automatically" : false,
  "Icon" : 0,
  "Use Non-ASCII Font" : false,
  "Shortcut" : "",
  "Link Color" : {
    "Red Component" : 0.14513972401618958,
    "Color Space" : "P3",
    "Blue Component" : 0.7093239426612854,
    "Alpha Component" : 1,
    "Green Component" : 0.35333043336868286
  },
  "Background Image Location" : "\/Users\/jameschan\/Pictures\/たきな\/1.jpg",
  "Bold Color" : {
    "Green Component" : 0.78431372549019607,
    "Red Component" : 0.77254901960784317,
    "Blue Component" : 0.77647058823529413
  },
  "Unlimited Scrollback" : false,
  "Allow Title Setting" : true,
  "Custom Command" : "No",
  "Title Components" : 1,
  "Keyboard Map" : {
    "0xf700-0x260000" : {
      "Text" : "[1;6A",
      "Action" : 10
    },
    "0x37-0x40000" : {
      "Text" : "0x1f",
      "Action" : 11
    },
    "0x32-0x40000" : {
      "Text" : "0x00",
      "Action" : 11
    },
    "0xf709-0x20000" : {
      "Text" : "[17;2~",
      "Action" : 10
    },
    "0xf70c-0x20000" : {
      "Text" : "[20;2~",
      "Action" : 10
    },
    "0xf729-0x20000" : {
      "Text" : "[1;2H",
      "Action" : 10
    },
    "0xf72b-0x40000" : {
      "Text" : "[1;5F",
      "Action" : 10
    },
    "0xf705-0x20000" : {
      "Text" : "[1;2Q",
      "Action" : 10
    },
    "0xf703-0x260000" : {
      "Text" : "[1;6C",
      "Action" : 10
    },
    "0xf700-0x220000" : {
      "Text" : "[1;2A",
      "Action" : 10
    },
    "0xf701-0x280000" : {
      "Text" : "0x1b 0x1b 0x5b 0x42",
      "Action" : 11
    },
    "0x38-0x40000" : {
      "Text" : "0x7f",
      "Action" : 11
    },
    "0x33-0x40000" : {
      "Text" : "0x1b",
      "Action" : 11
    },
    "0xf703-0x220000" : {
      "Text" : "[1;2C",
      "Action" : 10
    },
    "0xf701-0x240000" : {
      "Text" : "[1;5B",
      "Action" : 10
    },
    "0xf70d-0x20000" : {
      "Text" : "[21;2~",
      "Action" : 10
    },
    "0xf702-0x260000" : {
      "Text" : "[1;6D",
      "Action" : 10
    },
    "0xf729-0x40000" : {
      "Text" : "[1;5H",
      "Action" : 10
    },
    "0xf706-0x20000" : {
      "Text" : "[1;2R",
      "Action" : 10
    },
    "0x34-0x40000" : {
      "Text" : "0x1c",
      "Action" : 11
    },
    "0xf700-0x280000" : {
      "Text" : "0x1b 0x1b 0x5b 0x41",
      "Action" : 11
    },
    "0x2d-0x40000" : {
      "Text" : "0x1f",
      "Action" : 11
    },
    "0xf70e-0x20000" : {
      "Text" : "[23;2~",
      "Action" : 10
    },
    "0xf702-0x220000" : {
      "Text" : "[1;2D",
      "Action" : 10
    },
    "0xf703-0x280000" : {
      "Text" : "0x1b 0x1b 0x5b 0x43",
      "Action" : 11
    },
    "0xf700-0x240000" : {
      "Text" : "[1;5A",
      "Action" : 10
    },
    "0xf707-0x20000" : {
      "Text" : "[1;2S",
      "Action" : 10
    },
    "0xf70a-0x20000" : {
      "Text" : "[18;2~",
      "Action" : 10
    },
    "0x35-0x40000" : {
      "Text" : "0x1d",
      "Action" : 11
    },
    "0xf70f-0x20000" : {
      "Text" : "[24;2~",
      "Action" : 10
    },
    "0xf703-0x240000" : {
      "Text" : "[1;5C",
      "Action" : 10
    },
    "0xf701-0x260000" : {
      "Text" : "[1;6B",
      "Action" : 10
    },
    "0xf702-0x280000" : {
      "Text" : "0x1b 0x1b 0x5b 0x44",
      "Action" : 11
    },
    "0xf72b-0x20000" : {
      "Text" : "[1;2F",
      "Action" : 10
    },
    "0x36-0x40000" : {
      "Text" : "0x1e",
      "Action" : 11
    },
    "0xf708-0x20000" : {
      "Text" : "[15;2~",
      "Action" : 10
    },
    "0xf701-0x220000" : {
      "Text" : "[1;2B",
      "Action" : 10
    },
    "0xf70b-0x20000" : {
      "Text" : "[19;2~",
      "Action" : 10
    },
    "0xf702-0x240000" : {
      "Text" : "[1;5D",
      "Action" : 10
    },
    "0xf704-0x20000" : {
      "Text" : "[1;2P",
      "Action" : 10
    }
  },
  "Ansi 14 Color" : {
    "Green Component" : 0.74560397863388062,
    "Red Component" : 0.5230981707572937,
    "Blue Component" : 0.99405109882354736
  },
  "Ansi 2 Color" : {
    "Green Component" : 0.76470588235294112,
    "Red Component" : 0.52941176470588236,
    "Blue Component" : 0.54117647058823526
  },
  "Send Code When Idle" : false,
  "ASCII Anti Aliased" : true,
  "Tags" : [

  ],
  "Ansi 9 Color" : {
    "Green Component" : 0.37254901959999998,
    "Red Component" : 0.99215686270000003,
    "Blue Component" : 0.94509803920000002
  },
  "Use Bold Font" : true,
  "Silence Bell" : false,
  "Ansi 12 Color" : {
    "Green Component" : 0.79607843137254897,
    "Red Component" : 0.58823529411764708,
    "Blue Component" : 0.99607843137254903
  },
  "Window Type" : 0,
  "Use Bright Bold" : true,
  "Cursor Text Color" : {
    "Green Component" : 0.08235294371843338,
    "Red Component" : 0.08235294371843338,
    "Blue Component" : 0.08235294371843338
  },
  "Default Bookmark" : "No",
  "Cursor Color" : {
    "Green Component" : 0.81568628549575806,
    "Red Component" : 0.81568628549575806,
    "Blue Component" : 0.81568628549575806
  },
  "Ansi 1 Color" : {
    "Green Component" : 0.37254901959999998,
    "Red Component" : 0.99215686270000003,
    "Blue Component" : 0.94509803920000002
  },
  "Name" : "Default",
  "Blinking Cursor" : false,
  "Guid" : "0660C150-CC77-4E1B-A4AF-DD4CE06E0065",
  "Match Background Color" : {
    "Red Component" : 1,
    "Color Space" : "P3",
    "Blue Component" : 0,
    "Alpha Component" : 1,
    "Green Component" : 1
  },
  "Idle Code" : 0,
  "Ansi 10 Color" : {
    "Green Component" : 0.97885209321975708,
    "Red Component" : 0.58183550834655762,
    "Blue Component" : 0.21213282644748688
  },
  "Ansi 8 Color" : {
    "Green Component" : 0,
    "Red Component" : 0,
    "Blue Component" : 0
  },
  "Badge Color" : {
    "Red Component" : 0.92929404973983765,
    "Color Space" : "P3",
    "Blue Component" : 0.13960540294647217,
    "Alpha Component" : 0.5,
    "Green Component" : 0.25479039549827576
  },
  "Ambiguous Double Width" : false,
  "Blur Radius" : 10,
  "Background Image Mode" : 2,
  "Ansi 0 Color" : {
    "Green Component" : 0,
    "Red Component" : 0,
    "Blue Component" : 0
  },
  "Blur" : true,
  "Normal Font" : "MesloLGS-NF-Regular 14",
  "Vertical Spacing" : 1,